name	AB.M1	AB.M2	AB.M3	AB.M4	AB.M5	CCS.F1	CCS.F2	CCS.F3	CCS.F4	AB.F5	AB.F6	CCS.F7	CCS.F8	CCS.F9	CCS.F10	CCS.F11
a	10.6901389141	10.8344482133	11.1018198552	10.9502596979	11.0432713168	-2.8235311336686597	-3.4365502024628998	-3.2687221463787	-2.2080782252200297	3.3767972170226	3.41191251764732	-2.5906432803634902	-2.0183652028624497	-3.1113742008043905	-2.9332139720121004	-2.66086765110733
b	4.06820727376	4.286363081419999	3.36391410755	3.8097036369	3.5869252791500004	1.6177196152424398	2.0735604484875	1.9087207820736	1.33534702674722	0.4420754847225539	0.41331393052154	1.51383892945982	1.3745666625669302	1.45120003496243	1.9947581879190799	1.67832552793605
c	-28.2792292003	-29.1517989831	-30.7408300292	-29.827008762	-30.3866657196	5.32019876367299	5.05045168617871	4.5568671990553	5.4922686483318905	0.8262684287353979	0.83063195619775	5.28570866384541	5.39297370814508	5.500848103440879	5.0313329536484295	4.73593354830548
RT	142.001	140.839	137.631	141.433	139.66	1023.4	1019.8	905.1	1019.3	127.62	126.977	1004.1	1006.4	1036.3	1008.4	917.6
LN2	168.6647	172.231	169.47400000000002	172.09900000000002	171.31	1363.0	1378.9	1217.3	1343.7	161.377	160.14	1332.5	1329.6	1369.9	1361.6	1225.5
LHe	1352.154	1580.26	1220.68	1377.394	1309.31	3623.5	3874.0	3340.1	3501.9	1329.0	1287.0	3521.7	3573.0	3041.8	3948.5	3363.5
Methanol								1031.51	1155.41	152.661	161.02200000000002		1146.64	1168.91	1156.03	1048.03
